"group","value","n_units","prop_unanimous","krippendorff_alpha","underpowered"
"student_id","S01",10,0.7,0.864713375796178,TRUE
"student_id","S02",9,0.666666666666667,0.833247796496709,TRUE
"student_id","S03",9,0.777777777777778,0.87807848443843,TRUE
"student_id","S04",8,0.625,0.785426876450864,TRUE
"student_id","S05",9,0.555555555555556,0.825184109532206,TRUE
"week","1",13,0.692307692307692,0.83778262488695,TRUE
"week","4",10,0.6,0.772688356164384,TRUE
"week","7",11,0.909090909090909,0.955570745044429,TRUE
"week","10",11,0.454545454545455,0.783607248209018,TRUE
